1444551451,All Around The World,,
1444553840,,,
1447137840,,,
550281859,,,
1444554253,,,
16508253,Home-Atlanta Golfs-Everywhere,,
249288197,Third District of Texas,,
2233067876,,,
220949315,AUS | USA | EUR,,
16356056,The Plot In You,,
210553720,Phoenix, AZ,
124698889,Greater Boston,,
103030757,Washington, D.C. area,
27651972,Sugar Hill, GA,
1597482762,,,
188173606,South Jersey,,
2788514335,Chesapeake, Virginia,
2310568176,Atlanta, GA,
19550464,Atlanta, GA,
18850586,Everywhere,,
1031633803,,,
1469126377,,,
468035965,,,
1090825550,Brookhaven, Georgia,
304603513,,,
2959806824,,,
1105123656,,,
20841044,Covington, GA,
387459843,Houston, TX,
18387340,,,
238135442,Atl,Destin,airplane 
71572617,Boston, Ma,
3414254638,Oviedo, FL,
43095710,Finland,,
379168533,Atlanta, GA,
2927710319,Chicago, IL,
1137080612,,,
41609864,Missoula, Montana USA,
19814693,Buford, GA,
634598384,Raleigh, North Carolina,
218559401,Birmingham, AL,
1485508290,Metro St. Louis,,
621491076,Cumming, GA,
17526893,ATL,,
501835560,,,
1379904476,,,
19750571,USA ,,
161697962,United States,,
28588852,,,
368948092,,,
44169479,Orlando, FL,
1254441332,Where am I?  In a Ferrari. ,,
368694539,The Highlands,,
22733941,California, USA #rake,
837741554,Ponte Vedra Beach, Fla.,
23106893,JC, MO to ATL,
36443963,Atlanta,,
48029066,Washington, D.C.,
80695131,,,
100980503,Dacula, Georgia,
3319918749,Atlanta, GA,
261796505,Pinehurst,,
1449804588,Atlanta, Georgia,
34328593,Hilton Head Island, SC,
223601865,Dallas//Nashville,,
19261670,A chipping green, probably ,
236905324,Tulsa, Oklahoma,
1618641848,Texas, USA,
32896052,USA ,,
3128039720,In front of a lap top.,,
2778497888,,,
3145279022,Atlanta, GA,
1444604850,,,
1444604851,,,
1444604852,lobito\benguela\angola,,
1444604844,,,
1444604840,,,
73992972,,,
1444604832,,,
110505828,Berlin,,
47309459,Österreich,,
352145373,,,
58165437,Berlin ,,
176581662,Vienna,,
2212643913,Richard-Wagner-Str.54 10585,,
2857017760,,,
2871493148,Berlin,,
1236356335,,,
100194476,,,
67003723,Berlin,,
2180050381,Dortmund,,
1873443206,,,
180111171,Aachen,,
232878411,Frankfurt,,
557920767,,,
23075089,TEHERAN/ ROTHENBURG/ BERLIN,,
632986354,Hamburg,,
516064434,,,
72870463,Germany,,
406243735,Berlin,,
626882452,,,
51030882,everywhere,,
616544132,,,
261326948,,,
606383196,,,
555402291,,,
82721099,1 9 8 1 © BC,,
45981321,Berlin Crime,,
22071687,,,
52721821,Kölle,,
33493323,Berlin,,
52519433,Worldwide,,
123381234,berlin,,
22038687,Austria,,
16223892,,,
2791382737,Meistens Wien,,
2198008866,Austria,,
17705684,Vienna,,
2638014851,Peach's Castle,,
3260064939,Wien,,
3101876536,,,
3130684944,,,
80082820,Graz,,
15487275,Bratislava,,
260386018,Austria,,
2611654448,Vienna,,
14832802,Vienna,,
66305109,Vienna,,
2999725504,,,
2935736199,Austria Vienna,,
912081493,,,
213278220,w,,
121123916,Vienna - Austria - Europe,,
787519208,,,
539065795,London I Vienna I San Fran,,
3469899376,,,
3370860640,,,
2758716592,,,
2721435605,,,
2782487574,Austria,,
2763664982,Austria,,
2951642482,Salzburg,,
40112219,iPhone: 46.761223,,
23154604,Austria / Germany,,
736467523,Österreich,,
2764794575,ハイドラ,,
3081232653,,,
87768860,,,
113114939,Vienna,,
2835056247,,,
23223645,Vienna,,
86736828,Austria,,
496267338,Vienna,,
2493004224,,,
1065330133,Austria,,
2911185335,boston,,
3325527710,,,
3829177273,usa,,
510557176,ve/virs or they/them,,
2999817822,they/them,,
3808796416,,,
1613502013,,,
3670857675,NEPA,,
3002216796,he/him,,
808043275,indistinct places,,
601531405,she/her,,
566808410,PA,,
344707874,,,
364001475,Weymouth,,
14964767,Dedham,,
3384636334,,,
155869441,Lyon,,
550468962,Winnipeg,,
14258906,Seattle,,
24358412,Seattle,,
3136620778,,,
5663042,Wyoming,,
23730612,,,
1287208496,Redmond,,
1250339936,Enterprise Client & Mobility,,
19356794,,,
546170165,Redmond,,
6642152,Seattle,,
235599986,Boston/ NYC ,,
167202022,Brooklyn,,
32164353,Philadelphia,,
2856673355,,,
2774246371,Houston,,
494980111,Chicago,,
3026636968,,,
15019184,Brooklyn + the world,,
293306688,,,
44666348,,,
737095760,Silicon Valley,,
2825352728,,,
3471942677,Easton,,
1832421451,Toronto,,
181007232,Redwood City,,
2259214061,,,
381144666,Baltimore,,
3073503507,126 W Dauphin St,,
2247640117,Reno,,
1444604010,,,
57723615,,,
1489777819,,,
263612692,Fortaleza,,
852148464,Brasil,,
3404847311,Natal,,
15166137,,,
2954131131,,,
2705722722,Ilha do Retiro,,
269324241,Natal/RN,,
30856262,Natal/RN,,
262219539,Natal,,
295825509,,,
280737875,Natal,,
2444153622,,,
584135100,,,
218677580,natal  rn,,
314219420,Natal,,
281164606,Natal / RN,,
2592668547,São Paulo,,
273103058,Natal - RN,,
15911679,Brasil,,
303857222,Natal/Brasil,,
195944419,Natal/RN,,
836250210,,,
49840918,ÜT: -5.823218,,
89448033,Natal RN,,
19270391,-6.239434,,
248890506,São Paulo,,
124658538,Brasil,,
876489841,Rio de Janeiro,,
58636273,ÜT: -5.828936,,
716509190,Natal - RN,,
34588882,Natal - Brasil,,
32085439,Natal,,
83723557,Brasília (DF),,
56252954,Brasil,,
1444604011,,,
19088546,London,,
2769369561,Markets in London,,
2415912139,London,,
273614206,Devon,,
15340514,,,
3222622633,Epsom,,
1444604022,,,
1444604042,,,
80373769,Born: Ireland ,,
40908929,,,
74924273,Hawaii,,
1444604047,,,
733546668,السعودية-خميس مشيط- 0552237665,,
1444604070,,,
1444604076,,,
1432977446,,,
1249662212,oldham manchester,,
17441447,,,
413487212,,,
493278212,Munich,,
42668723,BOSTON/KENTUCKY/INDIANA,,
503118620,Vismara Sporting Centre,,
186386857,,,
50883209,http://www.puma.com,,
380730306,,,
1444604078,,,
475016789,,,
105119490,Mullingar,,
209708391,London,,
158314798,UK,,
21111883,DALLAS/LA,,
84279963,Doncaster,,
181561712,,,
14907774,Brasil,,
127680499,Belo Horizonte,,
31547933,Brasil,,
1444604083,Mexico,,
388353434,,,
119146116,,,
50626996,Mexico,,
93797343,México,,
195933066,,,
