119896541,NY
119896541,NY
131981787,Canadur
119896541,NY
1444550304,
583058130,
1372703376, CHILE
168335596,IX Region
579134440,
322687263,Antioquia, Colombia
919200313,México.C.Izcalli,Edo de México
1444550312,Charlotte, NC
1109916277,Quito
1444551252,
325971509,estado de mexico
340704387,Palma de Mallorca
1444551253,
144455,
385958440,
47790669,Los Angeles
493028879,العاصمه, دولة الكويت
882393529,
35702257,Los Angeles
10252962,Los Angeles, CA
795308282,
555574572,Santiago Chile
9648652,Los Angeles, CA
984814987,
16374678,
295083379,kuwait
730289276,Việt Nam
185709712,Caracas Venezuela 
3161474889,Illinois
2199684720,Poland✈️Mexico
991621776,Chian 
847263282,
235428299,Los Angeles, CA
1935176132,
123197095,Guadajara Jalisco
269719346,Towcester 
2847841100,
483933397,Madrid
1183949659,
881386688,maroon 5 follows
121655935,mexico df iztapalapa
32876210,Wherever
357048126,Guanajuato
281283371,El ❤️ DE MI ANGIE
37741293,
257679516,enlacabeza
2924929688,
1223214564,Berlin
339837828,Mexico df
152706285,cali
541828605,barquisimeto venezuela 
711576418,
622274709,USA
854019132,Donde quieras
15969001,on tour. 
428524751,México 
85792698,The World
614117717,al jv m5 follow
277551796,
3065872042,
588395753,221B Baker St.
199756872,
2189994325,ph 
22845344,On Tour
112092687,sweden
413561964,
241592282,
73516942,Ciudad de México
161925700,Bible Belt, USA
527917307,Quito Ecuador
6249572,Los Angeles, CA
398919237,
3261610652,
444880354,VT'19 
267252824,deseosercornudo@gmail.com
75010842,Richmond, VA
64506176,39.569114,3.192388
15220473,Lake Buena Vista, FL
24416945,
263434572,Televisa.com
42055364,USA
35964676,Chile
181388792,Calgary, AB
297644400,
726257101,Argentina
40533795,
65659135,en tus suenos
333711668,
26181552,Las Vegas, NV. 
607484739,Venezuela 
259110526,*(Psalm 27)*
466090623,Satelie Naucalpan 
1359001730,Sevilla - España 
560071191,#Brasil 
543572644,Monterrey, N.L. Mexico
1444594591,
2331989977,
17919972,
600992830,Bucaramanga-colombia
316129777,DF-Chihuahua
19330043,
104814956,Pto Cabello-Valencia/vzla 
1444594592,
395537318,Stockholm, Sweden 
17998052,Los Angeles, CA
15265990,Minnesota
284042724,Venezuela valencia
1444594626,
205388362,Chile
18228898,New York, NY, USA
574532740,Monagas  Maturin 
2338816633,Mexico D.F
17339811,DC (Sometimes)
1444594627,
2170414965,merida ( badajoz)
62591415,Milan, Italy
580787981,La Gran Caracas, Venezuela
632612779,Chile
1367301,San Francisco, CA
288636442,PARAGUAY
433990584,Dnd el destino nos una 
112842773,Puebla, México
156346834,
412578876,Chile
1444594651,
1439013194,
373292042,Stockholm/Los Angeles 
305562236,ENVÍA tu foto a @quenovias
312893018,
18863815,Harveytown
396240381,Guadalajara Jalisco
1444594657,
385992938,Cadiz, Andalusia
167841372,Belo Horizonte
47285504,NYS
442383275,Cerca de Lima en Los teques
1915355215,
1444594717,Akure
18863720,everywhere
450071767,El Monte CA
50894787,México, D.F
20123224,USA
408803166,Caracas - Venezuela
161606781,ITALIA
1444594718,
2883841,Los Angeles, CA
1444594746,
588902438,
50513533,
369504509,UK
400348974,
256562238,La Serena, Chile.
1444594747,Durban
85452649,London
152614260,北京
130745374,null
107960634,The World
147025367,Mexico D.F 
811530007,Gijón-Asturias-ESPAÑA
1444594748,
16409781,Redmond, WA
386102929,Caracas - Venezuela
45976697,Argentina 
169294457,
189906799,Vallecas
517135258,Mexico Df y edomex
111501002,
22147626,ContactNeonHitch@gmail.com
358203518,caracas
96711964,Ciudadano del mundo
62432717,Work
241496045,
479754687,
81926506,
1444594548,
1444594560,
1444594561,
1444594562,
1444594574,
1444594578,Jacksonville fl
1444594580,
1444594584,
1444594586,
1444594591,
1444594592,
1444594596,
1444594608,
1444594609,
1444594610,
1444594621,
1444594626,
1444594627,
1444594633,w o n d e r l a n d
1444594634,
1444594639,
1444594640,
1444594645,
1444594650,
1444594651,
1444594657,
1444594663,
1444594664,
1444594668,
1444594669,
1444594670,
1444594674,
1444594676,
1444594681,
1444594686,
1444594693,
1444594694,
1444594698,
1444594699,
1444594704,
1444594706,
1444594711,
1444594712,
1444594716,
1444594717,Akure
1444594718,
1444594729,
1444594730,
1444594735,
